sender_account,beneficiary_account,timestamp
SNDR987654321,ACC123456789,2025-07-02T13:19:50.037932
87558956185,87591244632,2025-07-02T18:45:32.518653
SNDR9999999,NEWBEN123,2025-07-02T18:46:05.207309
SNDR7890,BEN5678,2025-07-02T18:46:31.751573
ACC1001,ACC1002,2025-07-02T18:46:50.851894
SNDR9999999,NEWBEN123,2025-07-02T18:46:56.307614
SNDR987654321,ACC123456789,2025-07-02T19:59:23.541533
ACC1001,ACC1002,2025-07-02T20:33:41.545104
ACC0001,ACC9999,2025-07-02T20:33:54.727233
ACC5555,ACC1234,2025-07-02T20:34:23.023405
ACC1233,ACC8765,2025-07-02T20:34:36.636962
ACC1233,ACC8765,2025-07-02T20:34:39.115134
ACC1233,ACC8765,2025-07-02T20:34:43.006163
ACC1233,ACC8765,2025-07-02T20:34:44.298036
ACC1233,ACC8765,2025-07-02T20:34:45.983554
ACC1233,ACC8765,2025-07-02T20:34:56.498701
ACC1233,ACC8765,2025-07-02T20:34:57.688398
ACC1233,ACC8765,2025-07-02T20:35:02.270822
ACC1233,ACC8765,2025-07-02T20:35:20.352215
ACC1233,ACC8765,2025-07-02T20:41:07.014487
ACC1233,ACC8765,2025-07-02T20:41:22.218866
ACC1233,ACC8765,2025-07-02T20:41:25.477269
ACC1233,ACC8765,2025-07-02T20:45:50.131864
ACC1233,ACC8765,2025-07-02T20:51:15.103868
ACC1001,ACC1002,2025-07-02T20:51:53.698801
ACC0001,ACC9999,2025-07-02T20:52:03.012556
ACC0001,ACC9999,2025-07-02T20:52:11.314599
ACC0001,ACC9999,2025-07-02T20:52:12.336762
ACC0001,ACC9999,2025-07-02T20:52:28.795930
ACC0001,ACC9999,2025-07-02T20:52:29.837027
ACC0001,ACC9999,2025-07-02T20:52:53.475561
ACC0001,ACC9999,2025-07-02T20:53:30.078755
ACC0001,ACC9999,2025-07-02T20:53:32.493319
ACC0001,ACC9999,2025-07-02T20:57:40.772764
ACC5555,ACC1234,2025-07-02T20:58:03.356689
ACC1233,ACC8765,2025-07-02T20:58:11.072549
ACC1233,ACC8765,2025-07-02T20:58:30.264580
ACC1233,ACC8765,2025-07-02T20:58:31.280080
ACC1233,ACC8765,2025-07-02T20:58:35.652358
ACC1233,ACC8765,2025-07-02T20:58:36.744085
ACC1001,NEWBENEF123,2025-07-02T20:59:04.467979
ACC1001,NEWBENEF123,2025-07-02T20:59:10.946605
ACC1001,NEWBENEF123,2025-07-02T20:59:13.309961
ACC1233,ACC8765,2025-07-02T20:59:33.086063
ACC1233,ACC8765,2025-07-02T20:59:34.608593
ACC1233,ACC8765,2025-07-02T21:02:22.905170
SNDR1001,ACC1234,2025-07-02T21:07:18.909542
SNDR1001,ACC1234,2025-07-02T21:07:23.742676
SNDR1001,ACC1234,2025-07-02T21:07:25.153251
SNDR1001,ACC1234,2025-07-02T21:07:26.785147
SNDR1001,ACC1234,2025-07-02T21:07:31.498150
SNDR1001,ACC1234,2025-07-02T21:07:40.914347
ACC0001,ACC9999,2025-07-02T21:08:00.483919
ACC0001,ACC9999,2025-07-02T21:08:01.349654
ACC0001,ACC9999,2025-07-02T21:08:02.239549
ACC0001,ACC9999,2025-07-02T21:08:06.211092
ACC8000,ACC7000,2025-07-02T21:09:14.275822
ACC1001,ACC1002,2025-07-02T21:09:28.127916
ACC1001,ACC1002,2025-07-02T21:09:29.574674
ACC1001,ACC1002,2025-07-02T21:09:30.600037
ACC1001,ACC1002,2025-07-02T21:09:31.909122
SNDR1001,ACC1234,2025-07-02T21:12:08.520608
ACC8000,ACC7000,2025-07-02T21:12:14.676480
ACC1001,ACC1002,2025-07-02T21:12:16.730939
ACC0001,ACC9999,2025-07-02T22:07:44.161936
SNDR1001,ACC1234,2025-07-02T22:08:36.762041
ACC8000,ACC7000,2025-07-02T22:08:43.590006
ACC1001,ACC1002,2025-07-02T22:08:46.219062
ACC1001,ACC1002,2025-07-02T22:10:14.806320
ACC8000,ACC7000,2025-07-02T22:10:21.623328
ACC1001,ACC1002,2025-07-02T22:10:24.239889
ACC1001,ACC1002,2025-07-02T22:12:18.822429
ACC8000,ACC7000,2025-07-02T22:12:25.633699
ACC1001,ACC1002,2025-07-02T22:12:28.248532
ACC5678,ACC1234,2025-07-02T22:14:19.504850
ACC1001,ACC1002,2025-07-03T05:20:05.637965
ACC8000,ACC7000,2025-07-03T05:20:13.921037
ACC1001,ACC1002,2025-07-03T05:20:16.434694
ACC0001,ACC0002,2025-07-03T05:24:07.611862
ACC0001,ACC0002,2025-07-03T05:24:32.412280
ACC1001,ACC1002,2025-07-03T05:33:27.361662
ACC1001,ACC1002,2025-07-03T05:34:06.302621
ACC1001,ACC1002,2025-07-03T05:34:23.091480
ACC1001,ACC1002,2025-07-03T05:34:29.537945
ACC1001,ACC1002,2025-07-03T05:34:32.014646
ACC1001,ACC1002,2025-07-03T05:34:42.663851
ACC1001,ACC2001,2025-07-03T05:37:52.190352
ACC1001,ACC2001,2025-07-03T05:37:55.048091
ACC1001,ACC2001,2025-07-03T05:37:57.756136
ACC1001,ACC2001,2025-07-03T05:37:59.070577
ACC1001,ACC2001,2025-07-03T05:38:00.430576
ACC1001,ACC2001,2025-07-03T05:38:01.655387
ACC8888,ACC9998,2025-07-03T05:38:11.347767
ACC8888,ACC9998,2025-07-03T05:38:13.144695
ACC1234,ACC5678,2025-07-03T05:38:22.257047
ACC1234,ACC5678,2025-07-03T05:38:24.177043
ACC1234,ACC5678,2025-07-03T05:38:25.712890
ACC1234,ACC5678,2025-07-03T05:38:27.209715
ACC1234,ACC5678,2025-07-03T05:38:28.796759
ACC0010,ACC5566,2025-07-03T05:38:57.843693
ACC0010,ACC5566,2025-07-03T05:39:01.833070
ACC0010,ACC5566,2025-07-03T05:39:03.432428
ACC1234,ACC3333,2025-07-03T05:39:09.896662
ACC1234,ACC3333,2025-07-03T05:39:11.185373
ACC1234,ACC3333,2025-07-03T05:39:12.821543
ACC1234,ACC3333,2025-07-03T05:39:18.103510
ACC0010,ACC5566,2025-07-03T05:39:23.916379
ACC7777,ACC0005,2025-07-03T05:39:32.273730
ACC7777,ACC0005,2025-07-03T05:39:36.527682
ACC1111,ACC8888,2025-07-03T05:39:53.368629
ACC1111,ACC8888,2025-07-03T05:39:57.383498
ACC1004,ACC2003,2025-07-03T05:40:08.689165
ACC1004,ACC2003,2025-07-03T05:40:10.474918
ACC1004,ACC2003,2025-07-03T06:45:13.818394
ACC1001,ACC1002,2025-07-03T06:45:33.320316
ACC1001,ACC1002,2025-07-03T06:45:37.948469
ACC1001,ACC1002,2025-07-03T06:45:42.605245
ACC1001,ACC1002,2025-07-03T06:56:25.194748
ACC1001,ACC1002,2025-07-03T06:58:29.343446
ACC1001,ACC2002,2025-07-03T07:02:16.623332
ACC1001,ACC2002,2025-07-03T07:02:25.314790
ACC1001,ACC2002,2025-07-03T07:07:58.482498
ACC1001,ACC2002,2025-07-03T07:08:01.330879
ACC1001,ACC4004,2025-07-03T07:09:39.476835
ACC1001,ACC5005,2025-07-03T07:09:52.678255
ACC1001,ACC5005,2025-07-03T07:09:57.844623
ACC1001,ACC5005,2025-07-03T07:10:01.124300
ACC1001,ACC5005,2025-07-03T07:10:02.599653
ACC1001,ACC5005,2025-07-03T07:10:04.043986
ACC1001,ACC4004,2025-07-03T07:10:25.100039
ACC1001,ACC4004,2025-07-03T07:10:28.726636
ACC1001,ACC4004,2025-07-03T07:10:35.344508
ACC1001,ACC4004,2025-07-03T07:10:36.873597
ACC1001,ACC7007,2025-07-03T07:10:46.947101
ACC1001,ACC2003,2025-07-03T07:12:13.894980
ACC1001,ACC2003,2025-07-03T07:12:16.522141
ACC1001,ACC2003,2025-07-03T07:12:23.266803
ACC1001,ACC2002,2025-07-03T07:47:55.373911
ACC1001,ACC3002,2025-07-03T07:48:02.178282
ACC1001,ACC1002,2025-07-03T07:48:04.640165
ACC1001,ACC2003,2025-07-03T07:50:16.727554
ACC1001,ACC2003,2025-07-03T07:50:45.521067
ACC1001,ACC9002,2025-07-03T08:27:52.026545
ACC1001,ACC2002,2025-07-03T09:37:01.399919
ACC1001,ACC2002,2025-07-03T09:37:05.527798
ACC1001,ACC2002,2025-07-03T09:53:32.138690
ACC1001,ACC2002,2025-07-03T09:54:22.398133
ACC1001,ACC3002,2025-07-03T09:54:29.050978
ACC1001,ACC1002,2025-07-03T09:54:31.405661
ACC1001,ACC2002,2025-07-03T11:08:53.177621
ACC1001,ACC2002,2025-07-03T11:21:13.768857
ACC1001,ACC3002,2025-07-03T11:21:20.040327
ACC1001,ACC1002,2025-07-03T11:21:22.165032
